Date,Location,Avg. Rating,Patty,Bun,Accoutrements,Starch,Overall,# of Ratings,Average sans Overall,Delta,Rank Using Overall,Rank sans Overall,Rank Burger Only,Average Burger Only,Column 16,Column 17
9/29/2022,"Bungalow Kitchen, Tiburon",4.51,4.78,4.50,4.50,3.83,4.94,18,4.4,-0.1,1.0,2.0,1.0,4.6,,
8/10/2017,"Inverness Tap Room, Inverness",4.50,4.00,4.30,4.70,4.70,4.80,10,4.4,-0.1,2.0,1.0,4.0,4.3,,
1/24/2023,Insalata's San Anselmo,4.50,4.58,4.17,4.42,4.33,5.00,12,4.4,-0.1,2.0,3.0,2.0,4.4,,
7/23/2026,"Picco, Larkspur",4.39,4.47,4.27,4.00,4.33,4.87,15,4.3,-0.1,4.0,4.0,5.0,4.2,,
4/27/2023,"Monk's Kettle, Terra Linda",4.34,4.22,3.94,4.44,4.11,5.00,18,4.2,-0.2,5.0,6.0,7.0,4.2,,
10/23/2025,"RH Rooftop, Corte Madera",4.32,4.41,4.53,4.12,3.76,4.76,17,4.2,-0.1,6.0,5.0,3.0,4.4,,
7/28/2022,"Rancho Nicasio (2022), Nicasio",4.28,4.20,4.00,4.00,4.20,5.00,5,4.1,-0.2,7.0,8.0,11.0,4.1,,
10/17/2024,"Fairfax Brewing Company, Fairfax",4.28,4.25,4.56,3.75,3.81,5.00,16,4.1,-0.2,7.0,9.0,9.0,4.2,,
3/26/2026,"Buckeye Roadhouse 2026, Mill Valley",4.27,4.33,4.33,4.00,3.92,4.75,12,4.1,-0.1,9.0,7.0,6.0,4.2,,
9/25/2025,"Coastal Kitchen, Dillon Beach",4.18,3.94,3.96,4.16,4.06,4.78,49,4.0,-0.1,10.0,10.0,12.0,4.0,,
